,algorithm,goal_reached,solution_length,explored_states
0,GoalAgentBFS,True,57,3188
1,GoalAgentBFS,True,51,3915
2,GoalAgentBFS,True,76,4798
3,GoalAgentDFS,True,425,1424
4,GoalAgentDFS,True,218,220
5,GoalAgentDLS,True,139,311
6,GoalAgentDLS,True,142,964
7,GoalAgentBFS,True,105,7942
8,GoalAgentUCS,True,51,3915
9,GoalAgentBFS,True,20,692
10,GoalAgentUCS,True,76,4798
11,GoalAgentDFS,True,743,7947
12,GoalAgentDFS,True,325,4015
13,GoalAgentBFS,True,43,2433
14,GoalAgentDLS,True,131,3063
15,GoalAgentDFS,True,244,4145
16,GoalAgentDFS,True,1353,1663
17,GoalAgentDLS,True,66,2484
18,GoalAgentUCS,True,20,692
19,GoalAgentUCS,True,57,3188
20,GoalAgentDLS,False,0,3061
21,GoalAgentUCS,True,43,2433
22,GoalAgentBFS,True,50,2503
23,GoalAgentBFS,True,90,4187
24,GoalAgentDLS,False,0,4580
25,GoalAgentUCS,True,105,7942
26,GoalAgentBFS,True,26,1213
27,GoalAgentDFS,True,544,981
28,GoalAgentDFS,True,1030,3517
29,GoalAgentDFS,True,1362,1594
30,GoalAgentBFS,True,132,7524
31,GoalAgentDLS,False,0,3003
32,GoalAgentDLS,False,0,2210
33,GoalAgentDLS,True,142,1725
34,GoalAgentUCS,True,26,1213
35,GoalAgentDFS,True,1558,2875
36,GoalAgentUCS,True,50,2503
37,GoalAgentUCS,True,90,4187
38,GoalAgentDLS,False,0,2950
39,GoalAgentBFS,True,51,4322
40,GoalAgentBFS,True,43,2002
41,GoalAgentBFS,True,55,4827
42,GoalAgentDFS,True,819,1805
43,GoalAgentDLS,False,0,2759
44,GoalAgentUCS,True,132,7524
45,GoalAgentDFS,True,1315,7230
46,GoalAgentUCS,True,43,2002
47,GoalAgentDFS,True,1195,5930
48,GoalAgentDLS,False,0,3603
49,GoalAgentDLS,False,0,3432
50,GoalAgentBFS,True,107,5991
51,GoalAgentUCS,True,51,4322
52,GoalAgentBFS,True,137,8941
53,GoalAgentUCS,True,55,4827
54,GoalAgentDFS,True,707,797
55,GoalAgentDFS,True,1887,3049
56,GoalAgentBFS,True,23,919
57,GoalAgentDLS,False,0,3702
58,GoalAgentDLS,False,0,3538
59,GoalAgentDFS,True,819,7528
60,GoalAgentBFS,True,101,7398
61,GoalAgentUCS,True,107,5991
62,GoalAgentDLS,True,43,2222
63,GoalAgentUCS,True,23,919
64,GoalAgentDFS,True,995,2802
65,GoalAgentUCS,True,137,8941
66,GoalAgentBFS,True,49,3451
67,GoalAgentBFS,True,41,2175
68,GoalAgentDLS,False,0,3712
69,GoalAgentDFS,True,1219,2125
70,GoalAgentDFS,True,613,1419
71,GoalAgentBFS,True,43,2213
72,GoalAgentDFS,True,417,1093
73,GoalAgentDLS,False,0,2835
74,GoalAgentDLS,True,95,2835
75,GoalAgentDLS,False,0,3059
76,GoalAgentUCS,True,41,2175
77,GoalAgentUCS,True,101,7398
78,GoalAgentUCS,True,43,2213
79,GoalAgentUCS,True,49,3451
80,GoalAgentBFS,True,45,1435
81,GoalAgentBFS,True,32,1485
82,GoalAgentDFS,True,294,300
83,GoalAgentBFS,True,49,2846
84,GoalAgentDLS,True,116,2534
85,GoalAgentDFS,True,901,2561
86,GoalAgentUCS,True,32,1485
87,GoalAgentDLS,False,0,3878
88,GoalAgentDFS,True,527,8251
89,GoalAgentBFS,True,93,8847
90,GoalAgentUCS,True,49,2846
91,GoalAgentDLS,False,0,3345
92,GoalAgentUCS,True,45,1435
93,GoalAgentBFS,True,122,8480
94,GoalAgentDFS,True,2491,3801
95,GoalAgentDLS,False,0,2148
96,GoalAgentBFS,True,89,5797
97,GoalAgentBFS,True,153,8936
98,GoalAgentDFS,True,574,7849
99,GoalAgentDFS,True,459,7577
100,GoalAgentDLS,False,0,2183
101,GoalAgentDFS,True,2535,4684
102,GoalAgentDLS,False,0,2959
103,GoalAgentUCS,True,93,8847
104,GoalAgentDLS,False,0,2876
105,GoalAgentBFS,True,67,3173
106,GoalAgentUCS,True,89,5797
107,GoalAgentUCS,True,122,8480
108,GoalAgentBFS,True,22,834
109,GoalAgentUCS,True,153,8936
110,GoalAgentDFS,True,1601,6527
111,GoalAgentDFS,True,634,2511
112,GoalAgentDLS,True,136,2296
113,GoalAgentDLS,False,0,2369
114,GoalAgentUCS,True,22,834
115,GoalAgentBFS,True,145,8043
116,GoalAgentDFS,True,841,854
117,GoalAgentUCS,True,67,3173
118,GoalAgentBFS,True,50,2396
119,GoalAgentDLS,False,0,2316
120,GoalAgentBFS,True,119,8599
121,GoalAgentDFS,True,982,6225
122,GoalAgentDFS,True,1019,2003
123,GoalAgentDLS,True,136,3200
124,GoalAgentBFS,True,127,8478
125,GoalAgentUCS,True,145,8043
126,GoalAgentUCS,True,50,2396
127,GoalAgentDLS,False,0,3552
128,GoalAgentDFS,True,1567,2939
129,GoalAgentBFS,True,44,3072
130,GoalAgentDFS,True,246,250
131,GoalAgentDLS,False,0,1837
132,GoalAgentDLS,False,0,3696
133,GoalAgentUCS,True,119,8599
134,GoalAgentBFS,True,125,8948
135,GoalAgentUCS,True,44,3072
136,GoalAgentBFS,True,8,125
137,GoalAgentDFS,True,40,41
138,GoalAgentDLS,True,40,41
139,GoalAgentUCS,True,8,125
140,GoalAgentUCS,True,127,8478
141,GoalAgentDFS,True,1741,6128
142,GoalAgentBFS,True,46,3063
143,GoalAgentBFS,True,77,7760
144,GoalAgentDLS,False,0,3183
145,GoalAgentBFS,True,98,8113
146,GoalAgentDFS,True,2333,4868
147,GoalAgentDFS,True,570,653
148,GoalAgentDLS,False,0,2586
149,GoalAgentDFS,True,136,8785
150,GoalAgentDLS,True,136,189
151,GoalAgentDLS,False,0,4556
152,GoalAgentUCS,True,46,3063
153,GoalAgentUCS,True,125,8948
154,GoalAgentUCS,True,98,8113
155,GoalAgentUCS,True,77,7760
156,GoalAgentBFS,True,60,5659
157,GoalAgentBFS,True,47,2410
158,GoalAgentBFS,True,72,4438
159,GoalAgentDFS,True,2026,5987
160,GoalAgentBFS,True,134,7427
161,GoalAgentDFS,True,1978,3434
162,GoalAgentDFS,True,367,7375
163,GoalAgentDLS,True,141,419
164,GoalAgentDLS,False,0,3758
165,GoalAgentDLS,False,0,2544
166,GoalAgentDFS,True,1032,3854
167,GoalAgentUCS,True,47,2410
168,GoalAgentBFS,True,15,386
169,GoalAgentDLS,False,0,2647
170,GoalAgentDFS,True,351,874
171,GoalAgentDLS,True,135,800
172,GoalAgentUCS,True,15,386
173,GoalAgentUCS,True,60,5659
174,GoalAgentUCS,True,72,4438
175,GoalAgentBFS,True,44,3204
176,GoalAgentDFS,True,678,866
177,GoalAgentUCS,True,134,7427
178,GoalAgentDLS,True,98,1826
179,GoalAgentBFS,True,83,6262
180,GoalAgentBFS,True,108,8224
181,GoalAgentDFS,True,1807,2650
182,GoalAgentUCS,True,44,3204
183,GoalAgentBFS,True,54,3687
184,GoalAgentDLS,False,0,2657
185,GoalAgentDFS,True,1192,2100
186,GoalAgentDFS,True,1696,6188
187,GoalAgentDLS,False,0,3888
188,GoalAgentDLS,False,0,3726
189,GoalAgentBFS,True,107,7587
190,GoalAgentUCS,True,83,6262
191,GoalAgentUCS,True,54,3687
192,GoalAgentDFS,True,1971,3147
193,GoalAgentBFS,True,45,3398
194,GoalAgentDLS,False,0,1572
195,GoalAgentUCS,True,108,8224
196,GoalAgentBFS,True,97,7402
197,GoalAgentBFS,True,13,285
198,GoalAgentDFS,True,483,7912
199,GoalAgentUCS,True,107,7587
200,GoalAgentDLS,False,0,2978
201,GoalAgentBFS,True,82,3817
202,GoalAgentDFS,True,429,7956
203,GoalAgentDFS,True,431,8309
204,GoalAgentUCS,True,45,3398
205,GoalAgentDLS,True,103,770
206,GoalAgentUCS,True,13,285
207,GoalAgentDLS,False,0,3757
208,GoalAgentDFS,True,972,6449
209,GoalAgentBFS,True,91,5704
210,GoalAgentDFS,True,91,92
211,GoalAgentDLS,True,91,92
212,GoalAgentDLS,False,0,2222
213,GoalAgentBFS,True,83,7034
214,GoalAgentUCS,True,97,7402
215,GoalAgentUCS,True,82,3817
216,GoalAgentBFS,True,16,343
217,GoalAgentUCS,True,91,5704
218,GoalAgentDFS,True,2225,5448
219,GoalAgentBFS,True,39,1371
220,GoalAgentBFS,True,57,4601
221,GoalAgentDFS,True,721,2545
222,GoalAgentDLS,False,0,3916
223,GoalAgentDLS,True,121,1577
224,GoalAgentDFS,True,430,7691
225,GoalAgentUCS,True,39,1371
226,GoalAgentDLS,True,80,1798
227,GoalAgentUCS,True,16,343
228,GoalAgentDFS,True,1121,5116
229,GoalAgentDLS,False,0,2085
230,GoalAgentBFS,True,44,2941
231,GoalAgentUCS,True,83,7034
232,GoalAgentBFS,True,95,5446
233,GoalAgentUCS,True,57,4601
234,GoalAgentDFS,True,1530,5970
235,GoalAgentBFS,True,84,5283
236,GoalAgentDFS,True,1855,6072
237,GoalAgentDLS,False,0,2540
238,GoalAgentDLS,False,0,1515
239,GoalAgentDFS,True,832,3047
240,GoalAgentDLS,False,0,1474
241,GoalAgentUCS,True,44,2941
242,GoalAgentBFS,True,102,6593
243,GoalAgentDFS,True,138,152
244,GoalAgentDLS,True,138,151
245,GoalAgentBFS,True,44,2193
246,GoalAgentUCS,True,95,5446
247,GoalAgentUCS,True,84,5283
248,GoalAgentBFS,True,44,2699
249,GoalAgentUCS,True,102,6593
250,GoalAgentDFS,True,1226,7207
251,GoalAgentBFS,True,53,4539
252,GoalAgentDFS,True,1732,3845
253,GoalAgentDFS,True,647,1045
254,GoalAgentDLS,False,0,2697
255,GoalAgentDLS,False,0,3813
256,GoalAgentUCS,True,44,2193
257,GoalAgentDLS,False,0,3446
258,GoalAgentBFS,True,114,7062
259,GoalAgentUCS,True,44,2699
260,GoalAgentDFS,True,838,3843
261,GoalAgentUCS,True,53,4539
262,GoalAgentBFS,True,83,6004
263,GoalAgentDLS,False,0,3034
264,GoalAgentBFS,True,95,7014
265,GoalAgentBFS,True,128,8211
266,GoalAgentDFS,True,1223,7053
267,GoalAgentUCS,True,114,7062
268,GoalAgentBFS,True,35,1620
269,GoalAgentDLS,False,0,4553
270,GoalAgentDFS,True,699,6988
271,GoalAgentDFS,True,2170,5688
272,GoalAgentDLS,False,0,3667
273,GoalAgentDLS,False,0,2583
274,GoalAgentDFS,True,725,4360
275,GoalAgentDLS,True,131,1159
276,GoalAgentUCS,True,83,6004
277,GoalAgentUCS,True,35,1620
278,GoalAgentBFS,True,33,1859
279,GoalAgentUCS,True,95,7014
280,GoalAgentBFS,True,71,5533
281,GoalAgentUCS,True,128,8211
282,GoalAgentDFS,True,2075,3352
283,GoalAgentBFS,True,35,2150
284,GoalAgentDFS,True,103,104
285,GoalAgentDLS,True,103,104
286,GoalAgentDLS,True,141,2340
287,GoalAgentUCS,True,35,2150
288,GoalAgentUCS,True,33,1859
289,GoalAgentBFS,True,90,6908
290,GoalAgentDFS,True,544,610
291,GoalAgentBFS,True,54,4411
292,GoalAgentDFS,True,163,8735
293,GoalAgentDLS,True,127,478
294,GoalAgentDLS,False,0,2499
295,GoalAgentBFS,True,87,6419
296,GoalAgentDFS,True,133,135
297,GoalAgentDFS,True,1350,2996
298,GoalAgentDLS,True,133,135
299,GoalAgentDLS,False,0,2420
300,GoalAgentUCS,True,71,5533
301,GoalAgentUCS,True,90,6908
302,GoalAgentUCS,True,54,4411
303,GoalAgentUCS,True,87,6419
304,GoalAgentBFS,True,67,5400
305,GoalAgentDFS,True,519,549
306,GoalAgentBFS,True,78,3604
307,GoalAgentDLS,False,0,2734
308,GoalAgentBFS,True,67,6571
309,GoalAgentBFS,True,79,6693
310,GoalAgentDFS,True,838,3830
311,GoalAgentDFS,True,721,1051
312,GoalAgentDFS,True,705,1854
313,GoalAgentDLS,False,0,2728
314,GoalAgentDLS,False,0,3509
315,GoalAgentUCS,True,67,5400
316,GoalAgentDLS,False,0,4426
317,GoalAgentUCS,True,78,3604
318,GoalAgentBFS,True,21,740
319,GoalAgentBFS,True,77,4518
320,GoalAgentUCS,True,79,6693
321,GoalAgentUCS,True,67,6571
322,GoalAgentBFS,True,35,1299
323,GoalAgentDFS,True,1013,7491
324,GoalAgentDFS,True,1711,6380
325,GoalAgentBFS,True,47,3250
326,GoalAgentDFS,True,2187,3241
327,GoalAgentDLS,False,0,1623
328,GoalAgentDFS,True,1073,1492
329,GoalAgentDLS,False,0,4034
330,GoalAgentDLS,False,0,3371
331,GoalAgentUCS,True,21,740
332,GoalAgentUCS,True,35,1299
333,GoalAgentDLS,False,0,3392
334,GoalAgentBFS,True,18,526
335,GoalAgentUCS,True,77,4518
336,GoalAgentUCS,True,47,3250
337,GoalAgentBFS,True,63,3519
338,GoalAgentDFS,True,382,8485
339,GoalAgentBFS,True,136,8158
340,GoalAgentBFS,True,135,7748
341,GoalAgentDLS,False,0,2393
342,GoalAgentDFS,True,1276,2011
343,GoalAgentDFS,True,1203,1466
344,GoalAgentUCS,True,18,526
345,GoalAgentDFS,True,853,4564
346,GoalAgentDLS,False,0,2679
347,GoalAgentDLS,False,0,1854
348,GoalAgentDLS,False,0,2830
349,GoalAgentBFS,True,67,4747
350,GoalAgentUCS,True,63,3519
351,GoalAgentBFS,True,1,2
352,GoalAgentDFS,True,969,1517
353,GoalAgentDLS,False,0,3472
354,GoalAgentUCS,True,136,8158
355,GoalAgentUCS,True,135,7748
356,GoalAgentDFS,True,1,9018
357,GoalAgentBFS,True,53,3908
358,GoalAgentUCS,True,67,4747
359,GoalAgentBFS,True,124,8100
360,GoalAgentDFS,True,1572,1997
361,GoalAgentDLS,True,1,4119
362,GoalAgentUCS,True,1,2
363,GoalAgentBFS,True,25,1044
364,GoalAgentDFS,True,305,364
365,GoalAgentDFS,True,1621,5473
366,GoalAgentDLS,False,0,2764
367,GoalAgentDLS,True,95,3146
368,GoalAgentUCS,True,25,1044
369,GoalAgentDLS,False,0,3043
370,GoalAgentBFS,True,17,481
371,GoalAgentBFS,True,108,8131
372,GoalAgentUCS,True,53,3908
373,GoalAgentDFS,True,1411,4275
374,GoalAgentUCS,True,124,8100
375,GoalAgentBFS,True,55,3561
376,GoalAgentDLS,True,113,3207
377,GoalAgentDFS,True,1044,7498
378,GoalAgentUCS,True,17,481
379,GoalAgentDLS,False,0,4181
380,GoalAgentDFS,True,1695,6139
381,GoalAgentBFS,True,123,8353
382,GoalAgentDFS,True,599,605
383,GoalAgentDLS,False,0,2376
384,GoalAgentDLS,False,0,2461
385,GoalAgentBFS,True,114,8040
386,GoalAgentDFS,True,894,1799
387,GoalAgentUCS,True,108,8131
388,GoalAgentDLS,False,0,2641
389,GoalAgentUCS,True,55,3561
390,GoalAgentUCS,True,123,8353
391,GoalAgentBFS,True,39,2606
392,GoalAgentBFS,True,93,5479
393,GoalAgentUCS,True,114,8040
394,GoalAgentBFS,True,78,7751
395,GoalAgentDFS,True,398,694
396,GoalAgentDFS,True,769,2816
397,GoalAgentDLS,False,0,2490
398,GoalAgentDFS,True,1271,7175
399,GoalAgentBFS,True,66,4601
400,GoalAgentDLS,False,0,4178
401,GoalAgentDLS,False,0,3640
402,GoalAgentDFS,True,1028,3751
403,GoalAgentDLS,False,0,2154
404,GoalAgentUCS,True,39,2606
405,GoalAgentUCS,True,78,7751
406,GoalAgentUCS,True,93,5479
407,GoalAgentUCS,True,66,4601
408,GoalAgentBFS,True,54,4527
409,GoalAgentDFS,True,482,593
410,GoalAgentDLS,True,140,493
411,GoalAgentBFS,True,83,7493
412,GoalAgentBFS,True,52,3339
413,GoalAgentBFS,True,116,6745
414,GoalAgentDFS,True,2070,3036
415,GoalAgentUCS,True,54,4527
416,GoalAgentDFS,True,1724,3145
417,GoalAgentDFS,True,1183,5257
418,GoalAgentDLS,False,0,1685
419,GoalAgentDLS,False,0,3160
420,GoalAgentBFS,True,50,3070
421,GoalAgentDLS,False,0,2837
422,GoalAgentUCS,True,52,3339
423,GoalAgentDFS,True,736,3782
424,GoalAgentUCS,True,116,6745
425,GoalAgentDLS,False,0,3025
426,GoalAgentBFS,True,85,4584
427,GoalAgentBFS,True,28,1302
428,GoalAgentUCS,True,83,7493
429,GoalAgentDFS,True,1041,1511
430,GoalAgentUCS,True,50,3070
431,GoalAgentDFS,True,994,2461
432,GoalAgentDLS,False,0,1424
433,GoalAgentDLS,True,142,1699
434,GoalAgentUCS,True,28,1302
435,GoalAgentBFS,True,56,4886
436,GoalAgentBFS,True,68,3636
437,GoalAgentUCS,True,85,4584
438,GoalAgentDFS,True,1702,3396
439,GoalAgentDLS,False,0,3325
440,GoalAgentDFS,True,1624,6328
441,GoalAgentBFS,True,69,6384
442,GoalAgentDLS,False,0,1957
443,GoalAgentBFS,True,138,7686
444,GoalAgentDFS,True,763,3660
445,GoalAgentUCS,True,68,3636
446,GoalAgentDFS,True,710,1494
447,GoalAgentDLS,False,0,3869
448,GoalAgentUCS,True,56,4886
449,GoalAgentDLS,False,0,2508
450,GoalAgentBFS,True,77,7816
451,GoalAgentUCS,True,69,6384
452,GoalAgentDFS,True,875,2247
453,GoalAgentBFS,True,137,8736
454,GoalAgentUCS,True,138,7686
455,GoalAgentBFS,True,18,482
456,GoalAgentDFS,True,214,219
457,GoalAgentDLS,False,0,3479
458,GoalAgentDLS,True,60,834
459,GoalAgentBFS,True,82,5276
460,GoalAgentDFS,True,2357,4059
461,GoalAgentUCS,True,18,482
462,GoalAgentBFS,True,20,489
463,GoalAgentDLS,False,0,3595
464,GoalAgentDFS,True,2360,4686
465,GoalAgentDLS,False,0,2330
466,GoalAgentDFS,True,468,8201
467,GoalAgentUCS,True,77,7816
468,GoalAgentDLS,True,142,1130
469,GoalAgentUCS,True,20,489
470,GoalAgentUCS,True,137,8736
471,GoalAgentUCS,True,82,5276
472,GoalAgentBFS,True,70,5141
473,GoalAgentBFS,True,100,7196
474,GoalAgentBFS,True,69,5863
475,GoalAgentDFS,True,1068,1579
476,GoalAgentBFS,True,73,6398
477,GoalAgentDFS,True,529,1304
478,GoalAgentDLS,False,0,2918
479,GoalAgentDFS,True,992,7062
480,GoalAgentDFS,True,639,3645
481,GoalAgentDLS,False,0,2442
482,GoalAgentDLS,False,0,1581
483,GoalAgentDLS,False,0,3523
484,GoalAgentUCS,True,70,5141
485,GoalAgentUCS,True,100,7196
486,GoalAgentUCS,True,73,6398
487,GoalAgentBFS,True,27,1060
488,GoalAgentDFS,True,189,191
489,GoalAgentUCS,True,69,5863
490,GoalAgentDLS,True,131,571
491,GoalAgentUCS,True,27,1060
492,GoalAgentBFS,True,69,3611
493,GoalAgentBFS,True,42,2103
494,GoalAgentBFS,True,81,5638
495,GoalAgentBFS,True,104,7225
496,GoalAgentDFS,True,1091,5737
497,GoalAgentDLS,True,139,673
498,GoalAgentDFS,True,2351,4165
499,GoalAgentDFS,True,746,7194
500,GoalAgentDLS,False,0,2164
501,GoalAgentDFS,True,1882,6099
502,GoalAgentUCS,True,69,3611
503,GoalAgentDLS,True,138,1897
504,GoalAgentDLS,False,0,1137
505,GoalAgentUCS,True,42,2103
506,GoalAgentBFS,True,41,2760
507,GoalAgentUCS,True,81,5638
508,GoalAgentUCS,True,104,7225
509,GoalAgentBFS,True,43,2383
510,GoalAgentDFS,True,103,104
511,GoalAgentDLS,True,103,104
512,GoalAgentUCS,True,43,2383
513,GoalAgentBFS,True,112,8417
514,GoalAgentDFS,True,41,8893
515,GoalAgentDLS,True,41,1347
516,GoalAgentBFS,True,35,2105
517,GoalAgentDFS,True,2318,3642
518,GoalAgentUCS,True,41,2760
519,GoalAgentBFS,True,121,7371
520,GoalAgentDLS,False,0,1932
521,GoalAgentDFS,True,1347,6537
522,GoalAgentDFS,True,737,4128
523,GoalAgentBFS,True,75,5527
524,GoalAgentDLS,False,0,3014
525,GoalAgentDLS,False,0,2712
526,GoalAgentDFS,True,1407,1959
527,GoalAgentUCS,True,35,2105
528,GoalAgentUCS,True,112,8417
529,GoalAgentDLS,False,0,2532
530,GoalAgentBFS,True,86,5215
531,GoalAgentBFS,True,99,7456
532,GoalAgentDFS,True,1100,2064
533,GoalAgentUCS,True,75,5527
534,GoalAgentUCS,True,121,7371
535,GoalAgentDFS,True,979,4072
536,GoalAgentDLS,False,0,2920
537,GoalAgentDLS,False,0,3127
538,GoalAgentBFS,True,78,3969
539,GoalAgentBFS,True,93,8657
540,GoalAgentDFS,True,1218,1594
541,GoalAgentDLS,False,0,1438
542,GoalAgentUCS,True,86,5215
543,GoalAgentUCS,True,99,7456
544,GoalAgentDFS,True,2551,5301
545,GoalAgentUCS,True,78,3969
546,GoalAgentBFS,True,28,1083
547,GoalAgentDLS,False,0,4424
548,GoalAgentBFS,True,95,6369
549,GoalAgentBFS,True,91,5969
550,GoalAgentDFS,True,605,4355
551,GoalAgentDFS,True,120,8852
552,GoalAgentDLS,True,120,471
553,GoalAgentUCS,True,28,1083
554,GoalAgentUCS,True,93,8657
555,GoalAgentDLS,False,0,3074
556,GoalAgentDFS,True,435,7956
557,GoalAgentBFS,True,49,3476
558,GoalAgentDFS,True,501,894
559,GoalAgentDLS,False,0,2539
560,GoalAgentBFS,True,60,5905
561,GoalAgentUCS,True,95,6369
562,GoalAgentDFS,True,670,806
563,GoalAgentDLS,False,0,3775
564,GoalAgentDLS,False,0,4399
565,GoalAgentUCS,True,91,5969
566,GoalAgentUCS,True,49,3476
567,GoalAgentBFS,True,9,133
568,GoalAgentDFS,True,19,20
569,GoalAgentDLS,True,19,20
570,GoalAgentUCS,True,9,133
571,GoalAgentBFS,True,19,636
572,GoalAgentBFS,True,112,7666
573,GoalAgentBFS,True,51,3949
574,GoalAgentUCS,True,60,5905
575,GoalAgentBFS,True,32,1491
576,GoalAgentDFS,True,705,6686
577,GoalAgentDFS,True,1540,5149
578,GoalAgentDLS,True,141,1395
579,GoalAgentUCS,True,19,636
580,GoalAgentDLS,False,0,3463
581,GoalAgentDFS,True,529,8269
582,GoalAgentDLS,True,137,1388
583,GoalAgentDFS,True,1110,7384
584,GoalAgentBFS,True,99,6483
585,GoalAgentDLS,False,0,3249
586,GoalAgentUCS,True,51,3949
587,GoalAgentUCS,True,32,1491
588,GoalAgentUCS,True,112,7666
589,GoalAgentBFS,True,55,3093
590,GoalAgentDFS,True,755,6038
591,GoalAgentDFS,True,161,165
592,GoalAgentBFS,True,70,4647
593,GoalAgentDLS,True,91,1409
594,GoalAgentBFS,True,61,4284
595,GoalAgentDFS,True,1464,2192
596,GoalAgentDLS,False,0,4817
597,GoalAgentUCS,True,55,3093
598,GoalAgentDFS,True,1913,2338
599,GoalAgentDLS,True,142,2797
600,GoalAgentDLS,False,0,3372
601,GoalAgentBFS,True,51,4489
602,GoalAgentUCS,True,70,4647
603,GoalAgentUCS,True,99,6483
604,GoalAgentBFS,True,16,441
605,GoalAgentDFS,True,234,240
606,GoalAgentUCS,True,61,4284
607,GoalAgentDLS,True,134,356
608,GoalAgentUCS,True,16,441
609,GoalAgentBFS,True,28,1383
610,GoalAgentBFS,True,76,4724
611,GoalAgentDFS,True,973,7601
612,GoalAgentBFS,True,61,3542
613,GoalAgentDLS,False,0,3828
614,GoalAgentDFS,True,669,5416
615,GoalAgentDFS,True,1432,6826
616,GoalAgentDFS,True,30,8970
617,GoalAgentDLS,False,0,1957
618,GoalAgentDLS,False,0,2828
619,GoalAgentUCS,True,51,4489
620,GoalAgentDLS,True,30,2387
621,GoalAgentUCS,True,28,1383
622,GoalAgentBFS,True,26,849
623,GoalAgentUCS,True,61,3542
624,GoalAgentUCS,True,76,4724
625,GoalAgentBFS,True,58,4475
626,GoalAgentBFS,True,51,2499
627,GoalAgentBFS,True,71,6888
628,GoalAgentDFS,True,1254,6216
629,GoalAgentDFS,True,228,8443
630,GoalAgentDFS,True,551,5882
631,GoalAgentDLS,False,0,2138
632,GoalAgentDLS,True,93,922
633,GoalAgentDLS,False,0,3712
634,GoalAgentUCS,True,26,849
635,GoalAgentUCS,True,51,2499
636,GoalAgentDFS,True,1661,6404
637,GoalAgentUCS,True,58,4475
638,GoalAgentDLS,False,0,2926
639,GoalAgentBFS,True,72,7423
640,GoalAgentBFS,True,85,6791
641,GoalAgentDFS,True,1498,2749
642,GoalAgentDFS,True,841,1690
643,GoalAgentBFS,True,100,6168
644,GoalAgentDLS,True,141,942
645,GoalAgentUCS,True,71,6888
646,GoalAgentDLS,False,0,2687
647,GoalAgentDFS,True,2130,4108
648,GoalAgentDLS,False,0,3581
649,GoalAgentUCS,True,85,6791
650,GoalAgentUCS,True,72,7423
651,GoalAgentBFS,True,151,8737
652,GoalAgentBFS,True,45,1647
653,GoalAgentBFS,True,21,739
654,GoalAgentDFS,True,779,829
655,GoalAgentDFS,True,807,1968
656,GoalAgentDLS,False,0,1480
657,GoalAgentUCS,True,45,1647
658,GoalAgentDLS,False,0,2045
659,GoalAgentUCS,True,100,6168
660,GoalAgentDFS,True,659,8133
661,GoalAgentDLS,True,121,2607
662,GoalAgentUCS,True,21,739
663,GoalAgentBFS,True,89,7431
664,GoalAgentBFS,True,99,8463
665,GoalAgentUCS,True,151,8737
666,GoalAgentBFS,True,69,3900
667,GoalAgentDFS,True,2199,3396
668,GoalAgentDFS,True,813,4569
669,GoalAgentDLS,True,135,1122
670,GoalAgentDFS,True,1835,2940
671,GoalAgentDLS,False,0,2713
672,GoalAgentDLS,False,0,1428
673,GoalAgentBFS,True,82,6799
674,GoalAgentUCS,True,69,3900
675,GoalAgentUCS,True,89,7431
676,GoalAgentDFS,True,1584,6625
677,GoalAgentBFS,True,23,911
678,GoalAgentUCS,True,99,8463
679,GoalAgentDLS,False,0,2597
680,GoalAgentBFS,True,86,4857
681,GoalAgentBFS,True,50,2869
682,GoalAgentDFS,True,1008,4143
683,GoalAgentDFS,True,1165,6987
684,GoalAgentDLS,False,0,2365
685,GoalAgentDLS,True,133,2628
686,GoalAgentUCS,True,82,6799
687,GoalAgentUCS,True,23,911
688,GoalAgentDFS,True,492,7949
689,GoalAgentUCS,True,86,4857
690,GoalAgentBFS,True,49,3025
691,GoalAgentDFS,True,107,109
692,GoalAgentDLS,True,107,109
693,GoalAgentDLS,False,0,3498
694,GoalAgentBFS,True,86,7294
695,GoalAgentBFS,True,53,3055
696,GoalAgentUCS,True,49,3025
697,GoalAgentUCS,True,50,2869
698,GoalAgentDFS,True,333,425
699,GoalAgentBFS,True,34,2007
700,GoalAgentDLS,False,0,2925
701,GoalAgentDFS,True,2460,4421
702,GoalAgentUCS,True,53,3055
703,GoalAgentDLS,False,0,3501
704,GoalAgentBFS,True,140,8654
705,GoalAgentDFS,True,790,825
706,GoalAgentDFS,True,820,7974
707,GoalAgentBFS,True,73,4472
708,GoalAgentDLS,False,0,2592
709,GoalAgentDLS,False,0,1988
710,GoalAgentDFS,True,1225,1645
711,GoalAgentUCS,True,34,2007
712,GoalAgentDLS,False,0,2391
713,GoalAgentUCS,True,86,7294
714,GoalAgentBFS,True,46,1537
715,GoalAgentBFS,True,34,1856
716,GoalAgentDFS,True,122,124
717,GoalAgentDLS,True,122,124
718,GoalAgentUCS,True,34,1856
719,GoalAgentUCS,True,73,4472
720,GoalAgentUCS,True,140,8654
721,GoalAgentBFS,True,48,2052
722,GoalAgentDFS,True,500,8047
723,GoalAgentBFS,True,74,4684
724,GoalAgentDFS,True,86,87
725,GoalAgentDLS,True,86,87
726,GoalAgentDLS,False,0,2085
727,GoalAgentBFS,True,78,7908
728,GoalAgentUCS,True,46,1537
729,GoalAgentUCS,True,74,4684
730,GoalAgentDFS,True,704,8074
731,GoalAgentDLS,False,0,1808
732,GoalAgentDFS,True,1358,6872
733,GoalAgentUCS,True,48,2052
734,GoalAgentBFS,True,106,6946
735,GoalAgentDLS,False,0,4043
736,GoalAgentBFS,True,75,3454
737,GoalAgentBFS,True,124,8846
738,GoalAgentDFS,True,2222,5848
739,GoalAgentDFS,True,2468,2791
740,GoalAgentDLS,False,0,3054
741,GoalAgentDFS,True,661,6690
742,GoalAgentDLS,False,0,2583
743,GoalAgentUCS,True,78,7908
744,GoalAgentDLS,False,0,2181
745,GoalAgentUCS,True,106,6946
746,GoalAgentUCS,True,75,3454
747,GoalAgentBFS,True,95,4553
748,GoalAgentUCS,True,124,8846
749,GoalAgentDFS,True,1021,3682
750,GoalAgentBFS,True,49,4135
751,GoalAgentDLS,False,0,2643
752,GoalAgentBFS,True,66,3855
753,GoalAgentBFS,True,117,8363
754,GoalAgentDFS,True,1645,4750
755,GoalAgentUCS,True,95,4553
756,GoalAgentDFS,True,739,3204
757,GoalAgentBFS,True,35,2019
758,GoalAgentDLS,False,0,4886
759,GoalAgentDLS,False,0,4017
760,GoalAgentDFS,True,162,8800
761,GoalAgentDLS,True,140,535
762,GoalAgentUCS,True,49,4135
763,GoalAgentDFS,True,85,8853
764,GoalAgentUCS,True,66,3855
765,GoalAgentDLS,True,85,2132
766,GoalAgentBFS,True,27,1150
767,GoalAgentUCS,True,117,8363
768,GoalAgentDFS,True,675,823
769,GoalAgentUCS,True,35,2019
770,GoalAgentBFS,True,66,6004
771,GoalAgentDLS,True,133,2438
772,GoalAgentDFS,True,514,1089
773,GoalAgentUCS,True,27,1150
774,GoalAgentBFS,True,57,3470
775,GoalAgentDLS,False,0,4044
776,GoalAgentBFS,True,135,8595
777,GoalAgentDFS,True,1901,5406
778,GoalAgentDFS,True,1219,3487
779,GoalAgentUCS,True,66,6004
780,GoalAgentBFS,True,142,8805
781,GoalAgentDLS,False,0,4535
782,GoalAgentDLS,False,0,2347
783,GoalAgentUCS,True,57,3470
784,GoalAgentDFS,True,2192,4005
785,GoalAgentDLS,False,0,1734
786,GoalAgentBFS,True,66,6115
787,GoalAgentBFS,True,58,2267
788,GoalAgentDFS,True,1506,2480
789,GoalAgentUCS,True,135,8595
790,GoalAgentDLS,False,0,1838
791,GoalAgentDFS,True,2070,5914
792,GoalAgentUCS,True,58,2267
793,GoalAgentUCS,True,142,8805
794,GoalAgentDLS,False,0,3871
795,GoalAgentBFS,True,35,1616
796,GoalAgentBFS,True,86,8182
797,GoalAgentDFS,True,1079,1520
798,GoalAgentDLS,False,0,2066
799,GoalAgentUCS,True,66,6115
800,GoalAgentUCS,True,35,1616
801,GoalAgentBFS,True,159,8973
802,GoalAgentDFS,True,1872,6167
803,GoalAgentBFS,True,40,1758
804,GoalAgentDFS,True,1015,2825
805,GoalAgentDLS,False,0,2842
806,GoalAgentDLS,False,0,2807
807,GoalAgentBFS,True,89,5686
808,GoalAgentDFS,True,358,8398
809,GoalAgentDLS,True,142,293
810,GoalAgentDFS,True,2067,5327
811,GoalAgentUCS,True,40,1758
812,GoalAgentUCS,True,86,8182
813,GoalAgentDLS,False,0,3113
814,GoalAgentUCS,True,159,8973
815,GoalAgentBFS,True,96,5767
816,GoalAgentUCS,True,89,5686
817,GoalAgentDFS,True,1696,3054
818,GoalAgentBFS,True,33,1959
819,GoalAgentBFS,True,153,8752
820,GoalAgentBFS,True,86,7870
821,GoalAgentDFS,True,1261,1491
822,GoalAgentDLS,False,0,3154
823,GoalAgentDFS,True,1338,1636
824,GoalAgentDLS,False,0,3086
825,GoalAgentDLS,False,0,3898
826,GoalAgentUCS,True,96,5767
827,GoalAgentDFS,True,545,8342
828,GoalAgentDLS,False,0,5265
829,GoalAgentUCS,True,153,8752
830,GoalAgentUCS,True,86,7870
831,GoalAgentBFS,True,107,5464
832,GoalAgentUCS,True,33,1959
833,GoalAgentBFS,True,52,2221
834,GoalAgentDFS,True,1576,2489
835,GoalAgentBFS,True,52,3246
836,GoalAgentBFS,True,94,6321
837,GoalAgentDLS,False,0,2180
838,GoalAgentDFS,True,1267,6699
839,GoalAgentDLS,False,0,1950
840,GoalAgentDFS,True,924,4086
841,GoalAgentUCS,True,52,2221
842,GoalAgentDFS,True,1276,7201
843,GoalAgentDLS,False,0,2145
844,GoalAgentUCS,True,107,5464
845,GoalAgentDLS,False,0,3155
846,GoalAgentBFS,True,64,2284
847,GoalAgentUCS,True,52,3246
848,GoalAgentDFS,True,290,8196
849,GoalAgentUCS,True,94,6321
850,GoalAgentBFS,True,92,7237
851,GoalAgentDLS,True,132,1384
852,GoalAgentBFS,True,65,5319
853,GoalAgentUCS,True,64,2284
854,GoalAgentDFS,True,1304,1803
855,GoalAgentBFS,True,52,3552
856,GoalAgentDLS,False,0,3110
857,GoalAgentDFS,True,111,8808
858,GoalAgentDLS,True,111,690
859,GoalAgentBFS,True,146,8626
860,GoalAgentDFS,True,352,8041
861,GoalAgentUCS,True,92,7237
862,GoalAgentDFS,True,644,3608
863,GoalAgentUCS,True,65,5319
864,GoalAgentBFS,True,14,348
865,GoalAgentDLS,False,0,2817
866,GoalAgentDLS,False,0,2388
867,GoalAgentUCS,True,52,3552
868,GoalAgentBFS,True,15,331
869,GoalAgentDFS,True,31,32
870,GoalAgentDLS,True,31,32
871,GoalAgentUCS,True,15,331
872,GoalAgentBFS,True,139,9037
873,GoalAgentDFS,True,106,8848
874,GoalAgentDLS,True,106,1062
875,GoalAgentUCS,True,14,348
876,GoalAgentUCS,True,146,8626
877,GoalAgentDFS,True,2713,3777
878,GoalAgentBFS,True,36,1325
879,GoalAgentDFS,True,340,535
880,GoalAgentDLS,True,142,279
881,GoalAgentBFS,True,47,2892
882,GoalAgentUCS,True,36,1325
883,GoalAgentBFS,True,128,8885
884,GoalAgentDLS,False,0,5148
885,GoalAgentDFS,True,1819,6155
886,GoalAgentDFS,True,2568,4911
887,GoalAgentBFS,True,90,5632
888,GoalAgentDLS,False,0,2969
889,GoalAgentDLS,False,0,2968
890,GoalAgentUCS,True,139,9037
891,GoalAgentUCS,True,47,2892
892,GoalAgentDFS,True,1952,5568
893,GoalAgentDLS,False,0,3548
894,GoalAgentBFS,True,87,5823
895,GoalAgentUCS,True,128,8885
896,GoalAgentBFS,True,89,7270
897,GoalAgentDFS,True,547,3279
898,GoalAgentUCS,True,90,5632
899,GoalAgentBFS,True,43,2888
900,GoalAgentDFS,True,597,3759
901,GoalAgentDLS,False,0,3276
902,GoalAgentDFS,True,689,3038
903,GoalAgentDLS,False,0,2299
904,GoalAgentDLS,False,0,2723
905,GoalAgentBFS,True,115,7411
906,GoalAgentUCS,True,87,5823
907,GoalAgentUCS,True,43,2888
908,GoalAgentUCS,True,89,7270
909,GoalAgentDFS,True,2371,4030
910,GoalAgentBFS,True,72,3544
911,GoalAgentBFS,True,44,3167
912,GoalAgentBFS,True,38,1467
913,GoalAgentDLS,False,0,1569
914,GoalAgentDFS,True,1598,2158
915,GoalAgentDFS,True,186,2283
916,GoalAgentDLS,True,140,499
917,GoalAgentDLS,False,0,2825
918,GoalAgentUCS,True,44,3167
919,GoalAgentDFS,True,446,6248
920,GoalAgentBFS,True,14,341
921,GoalAgentDLS,False,0,1836
922,GoalAgentUCS,True,72,3544
923,GoalAgentUCS,True,115,7411
924,GoalAgentBFS,True,8,118
925,GoalAgentUCS,True,38,1467
926,GoalAgentBFS,True,44,956
927,GoalAgentDFS,True,272,8555
928,GoalAgentDLS,True,140,213
929,GoalAgentUCS,True,14,341
930,GoalAgentDFS,True,652,7568
931,GoalAgentDFS,True,624,8084
932,GoalAgentBFS,True,160,8652
933,GoalAgentDLS,True,32,3802
934,GoalAgentUCS,True,8,118
935,GoalAgentDLS,True,64,2586
936,GoalAgentUCS,True,44,956
937,GoalAgentDFS,True,840,3345
938,GoalAgentDLS,False,0,2651
939,GoalAgentBFS,True,41,2465
940,GoalAgentBFS,True,47,3234
941,GoalAgentBFS,True,105,8302
942,GoalAgentDFS,True,895,1405
943,GoalAgentDFS,True,693,4382
944,GoalAgentDLS,False,0,3583
945,GoalAgentDLS,False,0,3642
946,GoalAgentUCS,True,160,8652
947,GoalAgentDFS,True,339,8191
948,GoalAgentDLS,True,127,483
949,GoalAgentUCS,True,41,2465
950,GoalAgentUCS,True,105,8302
951,GoalAgentUCS,True,47,3234
952,GoalAgentBFS,True,65,4823
953,GoalAgentBFS,True,89,6813
954,GoalAgentDFS,True,925,3012
955,GoalAgentBFS,True,61,5724
956,GoalAgentDFS,True,1193,2499
957,GoalAgentDLS,False,0,3089
958,GoalAgentDFS,True,771,1923
959,GoalAgentDLS,False,0,2677
960,GoalAgentBFS,True,116,8949
961,GoalAgentDLS,False,0,3113
962,GoalAgentDFS,True,932,1671
963,GoalAgentUCS,True,65,4823
964,GoalAgentBFS,True,33,1274
965,GoalAgentDLS,False,0,3149
966,GoalAgentUCS,True,89,6813
967,GoalAgentUCS,True,61,5724
968,GoalAgentBFS,True,55,2942
969,GoalAgentDFS,True,623,7033
970,GoalAgentDLS,True,129,1801
971,GoalAgentBFS,True,76,6811
972,GoalAgentUCS,True,116,8949
973,GoalAgentUCS,True,33,1274
974,GoalAgentDFS,True,1245,7085
975,GoalAgentBFS,True,46,1738
976,GoalAgentDFS,True,1166,3970
977,GoalAgentDLS,False,0,4446
978,GoalAgentDLS,False,0,3439
979,GoalAgentBFS,True,103,7371
980,GoalAgentUCS,True,55,2942
981,GoalAgentDFS,True,252,8595
982,GoalAgentDFS,True,869,4762
983,GoalAgentDLS,True,138,2764
984,GoalAgentUCS,True,76,6811
985,GoalAgentBFS,True,58,4502
986,GoalAgentDLS,False,0,2876
987,GoalAgentUCS,True,46,1738
988,GoalAgentDFS,True,406,2950
989,GoalAgentDLS,False,0,3625
990,GoalAgentBFS,True,71,4632
991,GoalAgentBFS,True,142,8604
992,GoalAgentUCS,True,103,7371
993,GoalAgentDFS,True,607,3850
994,GoalAgentUCS,True,58,4502
995,GoalAgentDFS,True,1364,2647
996,GoalAgentBFS,True,34,1720
997,GoalAgentDLS,False,0,2735
998,GoalAgentDLS,False,0,2368
999,GoalAgentBFS,True,93,4866
1000,GoalAgentDFS,True,1912,3934
1001,GoalAgentUCS,True,71,4632
1002,GoalAgentDLS,False,0,2834
1003,GoalAgentDFS,True,1781,5740
1004,GoalAgentUCS,True,34,1720
1005,GoalAgentDLS,False,0,2095
1006,GoalAgentUCS,True,142,8604
1007,GoalAgentBFS,True,37,2281
1008,GoalAgentBFS,True,73,7582
1009,GoalAgentUCS,True,93,4866
1010,GoalAgentDFS,True,749,1672
1011,GoalAgentBFS,True,18,543
1012,GoalAgentDFS,True,1341,2636
1013,GoalAgentBFS,True,70,7167
1014,GoalAgentDLS,False,0,2851
1015,GoalAgentDFS,True,1062,1518
1016,GoalAgentDLS,False,0,3378
1017,GoalAgentDFS,True,1522,3378
1018,GoalAgentDLS,True,142,1544
1019,GoalAgentUCS,True,37,2281
1020,GoalAgentUCS,True,18,543
1021,GoalAgentDLS,False,0,3517
1022,GoalAgentBFS,True,39,2150
1023,GoalAgentUCS,True,73,7582
1024,GoalAgentDFS,True,1181,2802
1025,GoalAgentBFS,True,73,5777
1026,GoalAgentUCS,True,70,7167
1027,GoalAgentBFS,False,0,2
1028,GoalAgentDFS,False,0,2
1029,GoalAgentDLS,False,0,2
1030,GoalAgentUCS,False,0,2
1031,GoalAgentBFS,True,65,3241
1032,GoalAgentDLS,False,0,3101
1033,GoalAgentDFS,True,631,3486
1034,GoalAgentUCS,True,39,2150
1035,GoalAgentDFS,True,2091,4297
1036,GoalAgentBFS,True,61,5289
1037,GoalAgentDLS,False,0,4687
1038,GoalAgentDLS,False,0,2858
1039,GoalAgentBFS,True,78,5334
1040,GoalAgentDFS,True,480,484
1041,GoalAgentUCS,True,65,3241
1042,GoalAgentDLS,False,0,3094
1043,GoalAgentDFS,True,1791,6323
1044,GoalAgentUCS,True,73,5777
1045,GoalAgentUCS,True,78,5334
1046,GoalAgentBFS,True,47,2663
1047,GoalAgentBFS,True,100,6974
1048,GoalAgentDFS,True,2394,2832
1049,GoalAgentDLS,False,0,3605
1050,GoalAgentDLS,False,0,2502
1051,GoalAgentBFS,True,117,7983
1052,GoalAgentDFS,True,1411,6743
1053,GoalAgentUCS,True,61,5289
1054,GoalAgentDLS,False,0,1819
1055,GoalAgentDFS,True,2917,4586
1056,GoalAgentUCS,True,100,6974
1057,GoalAgentUCS,True,47,2663
1058,GoalAgentDLS,False,0,1472
1059,GoalAgentBFS,True,64,4522
1060,GoalAgentBFS,True,25,1052
1061,GoalAgentDFS,True,1668,3273
1062,GoalAgentDLS,False,0,3945
1063,GoalAgentUCS,True,117,7983
1064,GoalAgentBFS,True,169,8822
1065,GoalAgentDFS,True,475,8241
1066,GoalAgentDFS,True,1215,1261
1067,GoalAgentDLS,True,119,2177
1068,GoalAgentBFS,True,35,2151
1069,GoalAgentUCS,True,25,1052
1070,GoalAgentUCS,True,64,4522
1071,GoalAgentDLS,False,0,3165
1072,GoalAgentDFS,True,2443,4783
1073,GoalAgentBFS,True,63,5734
1074,GoalAgentBFS,True,94,6143
1075,GoalAgentDLS,False,0,3822
1076,GoalAgentDFS,True,1017,2945
1077,GoalAgentUCS,True,35,2151
1078,GoalAgentUCS,True,169,8822
1079,GoalAgentDFS,True,2876,3860
1080,GoalAgentBFS,True,27,1033
1081,GoalAgentDLS,False,0,3458
1082,GoalAgentDLS,False,0,2277
1083,GoalAgentBFS,True,60,3210
1084,GoalAgentDFS,True,354,896
1085,GoalAgentDLS,False,0,3468
1086,GoalAgentUCS,True,63,5734
1087,GoalAgentDFS,True,875,7291
1088,GoalAgentUCS,True,94,6143
1089,GoalAgentBFS,True,25,1009
1090,GoalAgentUCS,True,60,3210
1091,GoalAgentDLS,True,139,2713
1092,GoalAgentDFS,True,1289,1602
1093,GoalAgentUCS,True,27,1033
1094,GoalAgentDLS,True,127,2343
1095,GoalAgentBFS,True,98,5900
1096,GoalAgentBFS,True,48,4120
1097,GoalAgentUCS,True,25,1009
1098,GoalAgentBFS,True,33,1729
1099,GoalAgentDFS,True,646,759
1100,GoalAgentDFS,True,185,1058
1101,GoalAgentDLS,False,0,1701
1102,GoalAgentDLS,True,117,710
1103,GoalAgentBFS,True,39,1520
1104,GoalAgentDFS,True,435,583
1105,GoalAgentUCS,True,33,1729
1106,GoalAgentDLS,False,0,972
1107,GoalAgentUCS,True,39,1520
1108,GoalAgentUCS,True,98,5900
1109,GoalAgentDFS,True,280,8561
1110,GoalAgentBFS,True,89,6560
1111,GoalAgentDLS,False,0,4379
1112,GoalAgentBFS,True,130,7980
1113,GoalAgentDFS,True,1877,5450
1114,GoalAgentUCS,True,48,4120
1115,GoalAgentDFS,True,666,2870
1116,GoalAgentBFS,True,116,8424
1117,GoalAgentDLS,False,0,2372
1118,GoalAgentDFS,True,570,1833
1119,GoalAgentDLS,False,0,3509
1120,GoalAgentBFS,True,71,5337
1121,GoalAgentDLS,False,0,4552
1122,GoalAgentUCS,True,89,6560
1123,GoalAgentBFS,True,15,412
1124,GoalAgentUCS,True,130,7980
1125,GoalAgentDFS,True,1309,6468
1126,GoalAgentDLS,False,0,1749
1127,GoalAgentUCS,True,116,8424
1128,GoalAgentDFS,True,655,8022
1129,GoalAgentBFS,True,45,2175
1130,GoalAgentBFS,True,83,7059
1131,GoalAgentUCS,True,71,5337
1132,GoalAgentDLS,True,93,2820
1133,GoalAgentUCS,True,15,412
1134,GoalAgentDFS,True,1135,1544
1135,GoalAgentBFS,True,16,438
1136,GoalAgentDLS,False,0,2125
1137,GoalAgentDFS,True,845,6031
1138,GoalAgentDLS,True,139,216
1139,GoalAgentUCS,True,45,2175
1140,GoalAgentDFS,True,1294,6742
1141,GoalAgentDLS,True,142,1047
1142,GoalAgentBFS,True,39,1070
1143,GoalAgentUCS,True,16,438
1144,GoalAgentBFS,True,153,8763
1145,GoalAgentUCS,True,83,7059
1146,GoalAgentBFS,True,13,287
1147,GoalAgentDFS,True,1567,6119
1148,GoalAgentBFS,True,111,7316
1149,GoalAgentDLS,False,0,1886
1150,GoalAgentDFS,True,2005,6097
1151,GoalAgentDFS,True,1193,1518
1152,GoalAgentUCS,True,39,1070
1153,GoalAgentBFS,True,16,458
1154,GoalAgentDLS,False,0,2711
1155,GoalAgentDLS,False,0,2348
1156,GoalAgentDFS,True,425,8316
1157,GoalAgentDLS,True,105,1317
1158,GoalAgentUCS,True,13,287
1159,GoalAgentUCS,True,111,7316
1160,GoalAgentDFS,True,58,8901
1161,GoalAgentBFS,True,53,4646
1162,GoalAgentDLS,True,58,2487
1163,GoalAgentUCS,True,153,8763
1164,GoalAgentUCS,True,16,458
1165,GoalAgentBFS,True,48,2793
1166,GoalAgentBFS,True,30,1513
1167,GoalAgentDFS,True,88,89
1168,GoalAgentDLS,True,88,89
1169,GoalAgentUCS,True,30,1513
1170,GoalAgentBFS,True,33,1933
1171,GoalAgentDFS,True,267,8504
1172,GoalAgentDFS,True,1600,6431
1173,GoalAgentBFS,True,75,6935
1174,GoalAgentDFS,True,91,92
1175,GoalAgentDLS,True,91,92
1176,GoalAgentDLS,False,0,2530
1177,GoalAgentDLS,False,0,2979
1178,GoalAgentUCS,True,48,2793
1179,GoalAgentUCS,True,53,4646
1180,GoalAgentDFS,True,161,8726
1181,GoalAgentUCS,True,75,6935
1182,GoalAgentDLS,True,77,3723
1183,GoalAgentBFS,True,80,5387
1184,GoalAgentUCS,True,33,1933
1185,GoalAgentDFS,True,1696,2230
1186,GoalAgentDLS,False,0,1229
1187,GoalAgentBFS,True,98,8391
1188,GoalAgentBFS,True,107,7189
1189,GoalAgentBFS,True,41,2865
1190,GoalAgentDFS,True,713,1653
1191,GoalAgentUCS,True,80,5387
1192,GoalAgentDFS,True,1708,6093
1193,GoalAgentDLS,False,0,2529
1194,GoalAgentDLS,False,0,3408
1195,GoalAgentDFS,True,1079,7430
1196,GoalAgentUCS,True,107,7189
1197,GoalAgentDLS,False,0,3703
1198,GoalAgentUCS,True,41,2865
1199,GoalAgentUCS,True,98,8391
